[{"products_id":"1","products_name":"Peter England","products_quantity":"125","products_model":"XP123","products_price":"400","products_weight":"10","products_status":"A"},{"products_id":"2","products_name":"Arrow","products_quantity":"360","products_model":"PP123","products_price":"900","products_weight":"12","products_status":"A"},{"products_id":"3","products_name":"Allen Solly","products_quantity":"456","products_model":"OP78456","products_price":"520","products_weight":"3","products_status":"A"},{"products_id":"4","products_name":"Raymond","products_quantity":"756","products_model":"SS789465","products_price":"1022","products_weight":"36","products_status":"A"},{"products_id":"5","products_name":"Grasim","products_quantity":"899","products_model":"GS132645","products_price":"640","products_weight":"55","products_status":"A"},{"products_id":"6","products_name":"Levis","products_quantity":"885","products_model":"LL123465","products_price":"1500","products_weight":"36","products_status":"A"},{"products_id":"7","products_name":"Lee","products_quantity":"74","products_model":"Lee4556","products_price":"960","products_weight":"44","products_status":"A"}]